"country_code","Cases","Deaths","clean_date","day_since_first_case","pop_2019","casepc","deathpc","cfratio","overall","prev_emergence_pathogens","early_detection","rapid_response","robust_health_sector","commitments","risk_environment"
"AFG",43,1,2020-03-24,30,38041754,0.0011303369450315,2.62869056984071e-05,2.32558139534884,32.3,23.5,44.8,23.6,21,56.3,23.3
"AGO",24,2,2020-04-18,30,31825295,0.000754117126015643,6.28430938346369e-05,8.33333333333333,25.2,24,17.9,21.7,10.9,41.4,42.2
"ALB",383,22,2020-04-07,30,2854191,0.134188636990307,0.00770796348247191,5.74412532637076,52.9,43.8,74.3,52,35.9,53,55.7
"AND",376,12,2020-03-31,30,77142,4.87412823105442,0.155557283969822,3.19148936170213,30.5,27.9,14.2,30.5,9.2,32.4,83.5
"ARE",13,0,2020-02-27,30,9770529,0.00133053184735443,0,0,46.7,49.3,31.6,49.7,22.9,63.4,72.4
"ARG",1054,28,2020-04-01,30,44938712,0.0234541657535712,0.000623070816982917,2.65654648956357,58.6,41.4,74.9,50.6,54.9,68.8,60
"ARM",482,3,2020-03-30,30,2957731,0.162962757600336,0.00101429102240873,0.622406639004149,50.2,56.7,60.8,55.5,25.7,50.1,50.4
"ATG",21,2,2020-04-11,30,97118,0.216231800490125,0.0205935048085834,9.52380952380952,29,17.8,19.1,21.7,7.4,55.1,65.2
"AUS",15,0,2020-02-24,30,25364307,0.000591382212807943,0,0,75.5,68.9,97.3,65.9,63.5,77,79.4
"AUT",5588,30,2020-03-25,30,8877067,0.629487194362733,0.0033794946010884,0.536864710093057,58.5,57.4,73.2,42.3,46.6,52.8,84.6
"AZE",273,4,2020-03-30,30,10023318,0.0272364899527282,0.000399069449856824,1.46520146520147,34.2,30.8,45,25.5,17.9,36.2,54.2
"BDI",11,1,2020-04-29,30,11530580,0.00095398496866593,8.67259062423573e-05,9.09090909090909,22.8,25.1,11.4,28.4,8.9,37.6,28.3
"BEL",23,0,2020-03-04,30,11484055,0.00200277689370175,0,0,61,63.5,62.5,47.3,60.5,59.7,78.2
"BEN",35,1,2020-04-14,30,11801151,0.00296581240253599,8.4737497215314e-05,2.85714285714286,28.8,16.5,24.2,34.1,5.6,53.6,42.8
"BFA",414,23,2020-04-08,30,20321378,0.0203726341786467,0.00113181300992482,5.55555555555556,30.1,18,33.3,38,5.6,44.8,42.6
"BGD",123,12,2020-04-06,30,163046161,0.000754387587206055,7.35987889957127e-05,9.75609756097561,35,27.3,50.9,23.1,14.7,52.5,44
"BGR",549,22,2020-04-06,30,6975761,0.0787010908200553,0.00315377777420987,4.00728597449909,45.6,37.6,53.3,21.7,41,61.5,66.3
"BHR",392,3,2020-03-24,30,1641172,0.238853697235878,0.00182796196864192,0.76530612244898,39.4,36,45.8,43.2,27.7,27.8,57.8
"BHS",49,8,2020-04-14,30,389482,0.125808124637339,0.0205401019816063,16.3265306122449,30.6,24.7,21.8,30.9,7.9,46,61.4
"BIH",579,17,2020-04-03,30,3301000,0.175401393517116,0.00514995455922448,2.93609671848014,42.8,36.7,41.7,51.8,38.3,37.8,50.8
"BLR",94,0,2020-03-28,30,9466856,0.00992937887721119,0,0,35.3,19.4,28.9,46.6,40.6,25.8,53
"BLZ",18,2,2020-04-21,30,390353,0.0461121087835882,0.00512356764262091,11.1111111111111,31.8,30,30.4,25.5,9.7,49.3,53
"BOL",264,18,2020-04-09,30,11513100,0.0229304010214451,0.00156343643328035,6.81818181818182,35.8,44,33.1,29.2,14.9,48.5,50.9
"BRA",2985,77,2020-03-26,30,211049527,0.014143599573194,0.000364843272072342,2.57956448911223,59.7,59.2,82.4,67.1,45,41.9,56.2
"BRB",73,5,2020-04-15,30,287025,0.254333246232907,0.0174200853584183,6.84931506849315,31.9,33.3,19.1,27.2,8.5,46,69.9
"BRN",135,1,2020-04-07,30,433285,0.3115732139354,0.00230794973285482,0.740740740740741,32.6,24.8,30.5,33.4,24.2,23.3,66.7
"BTN",5,0,2020-04-04,30,763092,0.00655228989427225,0,0,40.3,35.5,42.8,42,27.9,39.7,56.9
"BWA",23,1,2020-04-28,30,2303697,0.00998395188256095,0.000434084864459171,4.34782608695652,31.1,22,28.2,23.9,13.3,46.3,62.4
"CAF",11,0,2020-04-13,30,4745185,0.00231813933492582,0,0,27.3,18,17.7,46.6,12.8,44.2,23
"CAN",10,0,2020-02-24,30,37589262,0.000266033421991632,0,0,75.3,70,96.4,60.7,67.7,74.7,82.7
"CHE",10897,153,2020-03-25,30,8574832,1.27081206955425,0.0178429151731486,1.40405616224649,67,52.7,59.1,79.3,62.5,65.6,86.2
"CHL",801,2,2020-03-23,30,18952038,0.0422645838932995,0.000105529547798501,0.249687890137328,58.3,56.2,72.7,60.2,39.3,51.5,70.1
"CHN",75550,2238,2020-02-21,30,1397715000,0.0540525071277049,0.00160118479089085,2.96227663798809,48.2,45,48.5,48.6,45.7,40.3,64.4
"CIV",444,3,2020-04-09,30,25716544,0.0172651504027913,0.000116656421640482,0.675675675675676,35.5,27.3,44.5,29.7,17.1,53.6,42.7
"CMR",555,9,2020-04-04,30,25876380,0.0214481314619742,0.000347807537221203,1.62162162162162,34.4,28.2,35.6,29.5,21.4,59.9,33.6
"COD",180,18,2020-04-09,30,86790567,0.00207395810653017,0.000207395810653017,10,26.5,24,25.1,31.3,11.8,45.9,20.1
"COG",60,5,2020-04-13,30,5380508,0.0111513634028608,0.000929280283571737,8.33333333333333,23.6,17.6,7,23.6,6.3,56.8,38.1
NA,NA,NA,NA,NA,NA,NA,NA,NA,NA,NA,NA,NA,NA,NA,NA
"COL",1406,32,2020-04-04,30,50339443,0.0279303845296818,0.000635684427418078,2.27596017069701,44.2,37.2,41.7,43.5,34.3,60.1,51
"COM",87,2,2020-05-29,30,850886,0.102246364377837,0.00235049113512268,2.29885057471264,27.2,19.2,23.2,27.1,9.4,51.6,36.5
"CPV",58,1,2020-04-18,30,549935,0.105467009737514,0.00181839671961232,1.72413793103448,29.3,27.9,9.3,32.7,16.1,33.9,67.4
"CRI",435,2,2020-04-04,30,5047561,0.086180236355737,0.000396230971750515,0.459770114942529,45.1,44.2,56,36.6,24.8,43.1,71.7
"CUB",564,15,2020-04-10,30,11333483,0.0497640487041804,0.00132351193362182,2.65957446808511,35.2,41.4,10.5,25.9,37.4,49.8,57.8
"CYP",494,9,2020-04-07,30,1198575,0.412156102037837,0.00750891683874601,1.82186234817814,43,46.4,44.9,33.9,21.9,49.1,69.6
"CZE",3001,23,2020-03-30,30,10669709,0.281263528368018,0.00215563517243066,0.766411196267911,52,51.1,50.7,46.6,37.4,58.9,74
"DEU",17,0,2020-02-25,30,83132799,0.000204492092224634,0,0,66,66.5,84.6,54.8,48.2,61.9,82.3
"DJI",591,2,2020-04-16,30,973560,0.60705041291754,0.00205431611816426,0.338409475465313,23.2,16.3,17,23.2,9.3,36.3,42.7
"DMA",16,0,2020-04-20,30,71808,0.222816399286988,0,0,24,11.2,10.7,20.9,8.5,49.3,54
"DNK",2200,52,2020-03-27,30,5818553,0.378100878345527,0.00893692985180336,2.36363636363636,70.4,72.9,86,58.4,63.8,62.6,80.3
"DOM",901,42,2020-03-30,30,10738958,0.0839001325826956,0.00391099397166839,4.661487236404,38.3,30.5,37.1,47.3,16.1,43.5,59.3
"DZA",302,21,2020-03-25,30,43053054,0.00701460110123663,0.000487770275251554,6.95364238410596,23.6,25.7,12,19.6,13.1,29.1,51.4
"ECU",1962,60,2020-03-30,30,17373662,0.112929559697892,0.0034535033546756,3.05810397553517,50.1,53.9,71.2,39.5,35.2,43.5,57.1
"EGY",109,2,2020-03-14,30,100388073,0.00108578635631346,1.99226854369443e-05,1.8348623853211,39.9,36.5,41.5,45,15.7,46.4,57.5
"ERI",39,0,2020-04-19,30,NA,NA,NA,0,22.4,23.4,17.2,16,9.7,40,33.2
"ESP",84,0,2020-03-01,30,47076781,0.00178431911051862,0,0,65.9,52.9,83,61.9,59.6,61.1,77.1
"EST",575,1,2020-03-27,30,1326590,0.433442133590635,0.000753812406244582,0.173913043478261,57,47.6,77.6,47,31.6,67.6,73.3
"ETH",69,3,2020-04-11,30,112078730,0.000615638667568771,2.67668985899465e-05,4.34782608695652,40.6,36.8,33.7,44.7,29,65.8,33.6
"FIN",2,0,2020-02-27,30,5520314,0.000362298231586102,0,0,68.7,68.5,61.6,69.2,60.8,75.4,81.1
"FJI",17,0,2020-04-17,30,889953,0.0191021323597988,0,0,25.7,24.6,16.4,28.3,7.5,27.4,59.1
"FRA",12,1,2020-02-22,30,67059887,0.000178944530580554,1.49120442150462e-05,8.33333333333333,68.2,71.2,75.3,62.9,60.9,58.6,83
"GAB",49,1,2020-04-12,30,2172579,0.0225538403896935,0.000460282456932521,2.04081632653061,20,10.8,6.1,20.6,11.2,36.5,42.8
"GBR",61,0,2020-02-29,30,66834405,0.000912703569366706,0,0,77.9,68.3,87.3,91.9,59.8,81.2,74.7
"GEO",79,0,2020-03-26,30,3720382,0.02123437862026,0,0,52,53.2,75,37.1,38.3,56,51.4
"GHA",566,8,2020-04-12,30,30417856,0.0186074915996709,0.000263003414836338,1.41342756183746,35.5,32.2,40.5,31.5,23.4,38,51
"GIN",250,0,2020-04-11,30,12771246,0.0195752239053261,0,0,32.7,27,57.2,23,8,47.8,31.3
"GMB",9,1,2020-04-15,30,2347706,0.00383352941126359,0.000425947712362621,11.1111111111111,34.2,22,36.9,34.2,23.5,44.2,47.3
"GNB",50,0,2020-04-23,30,1920922,0.0260291672436465,0,0,20,14,23.4,17.8,4.6,37.6,24.1
"GNQ",21,0,2020-04-13,30,1355986,0.0154868855578155,0,0,16.2,1.9,4.4,17.6,5,33.5,43.6
"GRC",892,26,2020-03-26,30,10716322,0.0832375137663837,0.00242620555821298,2.91479820627803,53.8,54.2,78.4,44,37.6,49.1,58.2
"GRD",14,0,2020-04-20,30,112003,0.124996651875396,0,0,27.5,8.6,18.6,28.4,10.3,46.4,62.9
"GTM",155,5,2020-04-12,30,16604026,0.00933508535821373,0.00030113178574883,3.2258064516129,32.7,21.2,50,25,11.4,42.2,49.1
"GUY",37,6,2020-04-10,30,782766,0.0472682768541301,0.00766512597634542,16.2162162162162,31.7,27.9,20.3,36.2,12.3,49.3,50.5
"HND",343,23,2020-04-09,30,9746117,0.035193503217743,0.00235991420993612,6.70553935860058,27.6,21.6,27.7,26.5,12,41.8,39.5
"HRV",442,1,2020-03-25,30,4067500,0.108666256914567,0.000245851259987707,0.226244343891403,53.3,55.2,72.3,32.4,46.5,49.1,68.2
"HTI",43,3,2020-04-18,30,11263077,0.00381778442960125,0.000266357053227994,6.97674418604651,31.5,31.5,48.3,21.1,10.6,48.4,28.9
"HUN",585,21,2020-04-02,30,9769949,0.059877487589751,0.0021494482724526,3.58974358974359,54,56.4,55.5,52.2,36.6,58.9,68.2
"IDN",1528,136,2020-03-31,30,270625568,0.00564617752599045,0.000502539360952029,8.90052356020942,56.6,50.2,68.1,54.3,39.4,72.5,53.7
"IND",3,0,2020-02-28,30,1366417754,2.19552182428683e-06,0,0,46.5,34.9,47.4,52.4,42.7,47.7,54.4
"IRL",2615,46,2020-03-29,30,4941444,0.529197538209479,0.00930901979259504,1.75908221797323,59,63.9,78,45.1,40.2,52.8,77.4
"IRN",18407,1284,2020-03-19,30,82913906,0.222001361267433,0.0154859427319707,6.97560710599229,37.7,44.7,37.7,33.7,34.6,28.7,50.3
"IRQ",316,27,2020-03-24,30,39309783,0.00803871138133731,0.000686851921823125,8.54430379746835,25.8,22.1,42.2,19.5,11.8,29.5,29.2
"ISL",963,2,2020-03-28,30,361313,2.66527913471146,0.00553536684259908,0.207684319833853,46.3,35.3,37.2,44,46.4,43.2,81.2
"ISR",843,1,2020-03-21,30,9053300,0.0931152176554405,0.000110456960445362,0.118623962040332,47.3,44,52.4,39.9,42.2,41.5,68.8
"ITA",1128,29,2020-02-29,30,60297396,0.0187072755181667,0.000480949459243646,2.5709219858156,56.2,47.5,78.5,47.5,36.8,61.9,65.5
"JAM",63,4,2020-04-09,30,2948279,0.0213683983096579,0.0013567237022005,6.34920634920635,29,20.1,24.3,24.7,10,43.1,61.2
"JOR",278,5,2020-04-01,30,10101694,0.0275201367216231,0.000494966487798977,1.79856115107914,42.1,31.8,42.9,47.8,27.8,48.6,55.8
"JPN",112,2,2020-02-21,30,126264931,0.000887023808693167,1.58397108695208e-05,1.78571428571429,59.8,49.3,70.1,53.6,46.6,70,71.7
"KAZ",865,10,2020-04-11,30,18513930,0.0467215766722679,0.000540133834361478,1.15606936416185,40.7,58.8,28.2,26.6,28,52.8,59.5
"KEN",191,7,2020-04-11,30,52573973,0.00363297633983264,0.000133145729732086,3.66492146596859,47.1,45.9,68.6,37.1,20.7,67.1,40.7
"KGZ",466,5,2020-04-16,30,6456900,0.0721708559835215,0.000774365407548514,1.07296137339056,49.3,29.7,64.7,49.9,29.8,64.8,56.1
"KHM",1,0,2020-02-25,30,16486542,6.06555334648103e-05,0,0,39.2,28.6,57.7,36.7,12,60,38.5
NA,NA,NA,NA,NA,NA,NA,NA,NA,NA,NA,NA,NA,NA,NA,NA
"KNA",15,0,2020-04-23,30,52834,0.28390808948783,0,0,26.2,8.7,15,26.2,7.1,46.4,64.8
"KOR",204,2,2020-02-21,30,51709098,0.0039451471383237,3.86779131208206e-05,0.980392156862745,70.2,57.3,92.1,71.5,58.7,64.3,74.1
"KWT",191,0,2020-03-24,30,4207083,0.0453996272476678,0,0,46.1,40.9,47.5,50.2,36.5,42.2,61.5
"LAO",19,0,2020-04-22,30,7169455,0.00265013170457169,0,0,43.1,18.9,70.4,52,19.4,45.9,46.8
"LBN",187,4,2020-03-21,30,6855713,0.0272765210562344,0.000583454995855282,2.13903743315508,43.1,27.3,62,47.9,23.8,49.3,45.5
"LBR",59,6,2020-04-14,30,4937374,0.0119496720321369,0.00121522088462409,10.1694915254237,35.1,14.3,29.1,40.5,19.9,71.5,37.4
"LBY",59,1,2020-04-22,30,6777452,0.00870533645977869,0.000147548075589469,1.69491525423729,25.7,23.2,36,18.9,9.1,31,39
"LCA",15,0,2020-04-12,30,182790,0.0820613819136714,0,0,35.3,22.8,30.3,42.4,6.3,54.7,62.1
"LIE",75,0,2020-04-02,30,38019,1.97269786159552,0,0,43.5,43.1,22.9,34.6,31.1,56.9,87.9
"LKA",1,0,2020-02-25,30,21803000,4.58652479016649e-05,0,0,33.9,24.2,43,26.4,16.9,41.7,56.7
"LSO",4,0,2020-06-11,30,2125268,0.00188211557318889,0,0,30.2,24.4,18,33.2,20.6,45.9,44.5
"LTU",394,7,2020-03-28,30,2786844,0.141378562990968,0.00251180188055018,1.77664974619289,55,43.5,81.5,33.9,34.4,72.1,67.8
"LUX",1950,21,2020-03-29,30,619896,3.1456889542762,0.0338766502768206,1.07692307692308,43.8,31,41.7,27.3,37.9,52.8,84.7
"LVA",398,0,2020-03-31,30,1912789,0.208073133001079,0,0,62.9,56,97.3,54.7,47.3,51.1,67.2
"MAR",617,36,2020-03-31,30,36471769,0.0169171942276778,0.000987064817174072,5.83468395461913,43.7,34.6,56.8,51.5,29.5,32.7,55.9
"MCO",46,1,2020-03-29,30,38964,1.18057694281901,0.0256647161482394,2.17391304347826,32.7,11.1,23.3,26,31,35.3,83.1
"MDA",965,19,2020-04-06,30,2657637,0.363104517283587,0.00714920811231933,1.96891191709845,42.9,46.5,42.9,31.1,36.4,56.7,47.1
"MDG",120,0,2020-04-18,30,26969307,0.00444950254005414,0,0,40.1,30.1,41.9,57.8,19.2,55.4,32.4
"MDV",19,0,2020-04-06,30,530953,0.0357847116411434,0,0,33.8,21.8,25.5,40.2,18.1,45.5,58.3
"MEX",848,16,2020-03-28,30,127575529,0.00664704278827643,0.000125415901665593,1.88679245283019,57.6,45.5,71.2,50.8,46.9,73.9,57
"MHL",4,0,2020-11-26,30,58791,0.068037624806518,0,0,18.2,7,4.4,18.1,7.2,30.7,52.3
"MKD",201,3,2020-03-26,30,2083459,0.0964741806774215,0.00143991314443913,1.49253731343284,39.1,37,41.7,33.1,25.4,44.8,57.7
"MLI",309,21,2020-04-23,30,19658031,0.015718766543811,0.00106826568744347,6.79611650485437,29,23.4,25.5,29.5,13,53.2,32.1
"MLT",227,0,2020-04-05,30,502653,0.451603790288728,0,0,37.3,35,32.9,22.4,23.6,49.1,72.3
"MMR",146,5,2020-04-25,30,54045420,0.00270143149965344,9.25147773853918e-05,3.42465753424658,43.4,30.3,59.2,50.4,19.5,59.1,38.2
"MNE",288,4,2020-04-15,30,622137,0.462920546439128,0.00642945203387678,1.38888888888889,43.7,36.5,55.4,32.1,29.5,53.5,58.8
"MNG",16,0,2020-04-08,30,3225167,0.0049609834157425,0,0,49.5,37.6,77.3,37.8,30.8,52.6,60.8
"MOZ",39,0,2020-04-20,30,30366036,0.00128432963723023,0,0,28.1,26.5,29.3,18.2,17,43.8,38.4
"MRT",7,1,2020-04-12,30,4525696,0.00154672342110473,0.000220960488729247,14.2857142857143,27.5,9.9,39.5,24.2,17,36.3,39.5
"MUS",324,9,2020-04-16,30,1265711,0.25598260582392,0.00711062793955334,2.77777777777778,34.9,27.3,42.3,34.9,15.1,29.1,66.2
"MWI",37,3,2020-05-01,30,18628747,0.00198617759959916,0.000161041426994526,8.10810810810811,28,25.5,23.3,20.7,15.3,50.7,37.6
"MYS",22,0,2020-02-23,30,31949777,0.000688580705899763,0,0,62.2,51.4,73.2,61.3,57.1,58.5,72
"NAM",16,0,2020-04-12,30,2494530,0.00641403390618674,0,0,35.6,32,46,30.9,10.1,44.2,54.7
"NER",639,19,2020-04-18,30,23310715,0.0274122865815141,0.000815075813847838,2.97339593114241,32.2,32.5,44.4,20.1,21.9,45.5,28.5
"NGA",89,1,2020-03-28,30,200963599,0.000442866272513362,4.976025533858e-06,1.12359550561798,37.8,26.3,44.6,43.8,19.9,56.7,33.7
"NIC",9,1,2020-04-17,30,6545502,0.00137499003132227,0.000152776670146919,11.1111111111111,43.1,41.7,39.9,39.2,45.9,51.8,41
NA,NA,NA,NA,NA,NA,NA,NA,NA,NA,NA,NA,NA,NA,NA,NA
"NLD",8647,547,2020-03-27,30,17332850,0.498879295672668,0.0315585723063432,6.32589337342431,75.6,73.7,86,79.1,70.2,61.1,81.7
"NOR",3369,14,2020-03-26,30,5347896,0.629967374085061,0.00261785195523623,0.415553576729,64.6,68.2,58.6,58.2,58.5,64.4,87.1
"NPL",1,0,2020-02-23,30,28608710,3.49543897645158e-05,0,0,35.1,43.7,22,41.9,28.1,33.5,44.7
NA,NA,NA,NA,NA,NA,NA,NA,NA,NA,NA,NA,NA,NA,NA,NA
"NZL",451,0,2020-03-28,30,4917000,0.0917225950782998,0,0,54,55,36.7,58.1,45.2,59.4,77.2
"OMN",84,0,2020-03-24,30,4974986,0.0168844696246381,0,0,43.1,35.3,41.1,41.6,25.4,56,65.7
"PAK",1201,9,2020-03-25,30,216565318,0.00554567098319963,4.15579007900055e-05,0.749375520399667,35.5,24.1,41.7,38.7,19.9,49.7,38.7
"PAN",2249,59,2020-04-08,30,4246439,0.52962023003274,0.0138939944739581,2.62338817252112,43.7,40.5,44.6,46.4,35.1,35.3,63.8
"PER",1746,73,2020-04-04,30,32510453,0.0537058034841901,0.00224543164624621,4.18098510882016,49.2,43.2,38.3,51.7,45,63,57.7
"PHL",3,1,2020-02-28,30,108116615,2.77478165589997e-05,9.24927218633325e-06,33.3333333333333,47.6,38.5,63.6,43.8,38.2,49.8,50.3
NA,NA,NA,NA,NA,NA,NA,NA,NA,NA,NA,NA,NA,NA,NA,NA
"PNG",7,0,2020-04-18,30,8776109,0.000797619993097169,0,0,27.8,10,31.8,34.8,11.6,41.4,38.7
"POL",2946,57,2020-04-02,30,37970874,0.0775857832506041,0.00150115059242513,1.93482688391039,55.4,50.9,61.7,47.5,48.9,58.9,67.9
NA,NA,NA,NA,NA,NA,NA,NA,NA,NA,NA,NA,NA,NA,NA,NA
"PRT",7443,160,2020-03-31,30,10269417,0.724773373210962,0.0155802417995101,2.1496708316539,60.3,52.8,50.5,67.7,55,63,77.3
"PRY",113,5,2020-04-06,30,7044636,0.016040573281572,0.000709759879715574,4.42477876106195,35.7,39.5,34.6,26.8,28.2,35.3,55.9
"QAT",634,1,2020-03-29,30,2832067,0.223864760261675,0.000353098990949014,0.157728706624606,41.2,33.1,32.7,48,38.8,32.7,68
"ROU",1029,23,2020-03-26,30,19356544,0.0531603162217388,0.00118822864246841,2.23517978620019,45.8,48.9,42.8,35.3,36.7,52.4,65.7
"RUS",2,0,2020-02-29,30,144373535,1.38529544213211e-05,0,0,44.3,42.9,34.1,50.1,37.6,52.6,51.4
"RWA",126,0,2020-04-12,30,12626950,0.00997865676192588,0,0,34.2,33.8,36,31.9,24.1,38,43.6
"SAU",1563,10,2020-03-31,30,34268528,0.0456103629546037,0.000291812942767778,0.639795265515035,49.3,34.3,74.4,32.6,44.8,50.6,59.7
"SDN",19,2,2020-04-11,30,42813238,0.000443787970440358,4.67145232042482e-05,10.5263157894737,26.2,31.8,7,37.3,14.3,37.6,33
"SEN",175,0,2020-03-31,30,16296364,0.0107385917496688,0,0,37.9,25.4,35.1,45.4,18.5,57,48.2
"SGP",85,0,2020-02-21,30,5703569,0.0149029493638106,0,0,58.7,56.2,64.5,64.6,41.4,47.3,80.9
"SLB",16,0,2020-11-10,30,669823,0.0238869074367408,0,0,20.7,8.4,8.7,18.7,12.4,40.1,44
"SLE",104,4,2020-04-29,30,7813215,0.0133107817972499,0.000511953146048074,3.84615384615385,38.2,25,45.8,44.8,25.3,52.8,32.8
"SLV",177,7,2020-04-17,30,6453553,0.0274267523641628,0.00108467382231152,3.95480225988701,44.2,22.1,73.9,42.1,25.2,50.5,48
"SMR",223,21,2020-03-27,30,33860,6.58594211458949,0.620200826934436,9.41704035874439,31.1,22.3,33.9,20.8,16.2,25,80.5
"SOM",60,2,2020-04-14,30,15442905,0.00388527935644233,0.000129509311881411,3.33333333333333,16.6,15.8,21.5,17.4,0.3,28.5,15.9
"SRB",1624,44,2020-04-04,30,6944975,0.233838134766504,0.00633551596658015,2.70935960591133,52.3,48.8,46.2,55.1,56.6,49.7,59.2
"SSD",46,0,2020-05-04,30,11062113,0.00415833756172984,0,0,21.7,22.6,15.9,24.3,13.6,32.6,22.1
"STP",174,3,2020-05-05,30,215056,0.809091585447511,0.0139498549215088,1.72413793103448,17.7,8.2,2.7,18.7,7.2,33.5,44.6
"SUR",10,1,2020-04-12,30,581363,0.0172009570612509,0.00172009570612509,10,36.5,23.3,36.7,47.3,16.5,44.8,52.7
"SVK",471,1,2020-04-04,30,5454073,0.0863574799970591,0.000183349214431123,0.212314225053079,47.9,53.5,46,34.1,37.9,52.8,71.5
"SVN",934,20,2020-04-03,30,2087946,0.447329576531194,0.00957879178867653,2.14132762312634,67.2,67,73.7,63.3,54.9,72.1,73.7
"SWE",14,0,2020-03-01,30,10285453,0.00136114568799255,0,0,72.1,81.1,86,62.8,49.3,71.3,84.5
"SWZ",14,0,2020-04-12,30,1148130,0.0121937411268759,0,0,31.1,35.7,25.5,29.3,6.5,46.6,48.9
"SYC",11,0,2020-04-12,30,97625,0.112676056338028,0,0,31.9,9.8,33.4,20.7,19.9,47.1,71.1
"SYR",39,3,2020-04-20,30,17070135,0.00228469194883345,0.00017574553452565,7.69230769230769,19.9,18.4,2.7,23,24.4,26.1,29.6
"TCD",27,0,2020-04-17,30,15946876,0.00169312158694907,0,0,28.8,23.2,36.5,34.5,6.6,46.2,23.7
"TGO",41,3,2020-04-04,30,8082366,0.00507277200760272,0.000371178439580687,7.31707317073171,32.5,23.7,46.8,30.4,10,46.3,37.6
"THA",35,0,2020-02-21,30,69625582,0.000502688796195628,0,0,73.2,75.7,81,78.6,70.5,70.9,56.4
"TJK",3686,47,2020-05-29,30,9321018,0.395450368189397,0.00504236768988108,1.27509495387954,32.3,26.7,24.1,42.9,20.5,42.6,38.2
NA,NA,NA,NA,NA,NA,NA,NA,NA,NA,NA,NA,NA,NA,NA,NA
"TLS",22,0,2020-04-20,30,1293119,0.0170131287221052,0,0,26,18.2,25.7,30.2,9.7,33.9,41.5
NA,NA,NA,NA,NA,NA,NA,NA,NA,NA,NA,NA,NA,NA,NA,NA
"TTO",113,8,2020-04-12,30,1394973,0.0810051520710437,0.00573487802272876,7.07964601769912,36.6,28.1,14.7,43.2,23.7,55.1,64.4
"TUN",455,14,2020-04-02,30,11694719,0.0389064499967891,0.00119712153836274,3.07692307692308,33.7,31.7,26.3,39.1,24,31,55.7
"TUR",42282,908,2020-04-09,30,83429615,0.50679845520083,0.0108834255078368,2.14748592781798,52.4,56.9,45.6,49,45.7,64.3,56.5
NA,NA,NA,NA,NA,NA,NA,NA,NA,NA,NA,NA,NA,NA,NA,NA
"TWN",26,1,2020-02-21,30,NA,NA,NA,3.84615384615385,NA,NA,NA,NA,NA,NA,NA
"TZA",53,3,2020-04-14,30,58005463,0.00091370704169709,5.1719266511156e-05,5.66037735849057,36.4,33.5,42,36.8,8.2,55.4,44.7
"UGA",55,0,2020-04-19,30,44269594,0.00124238772101682,0,0,44.3,42.7,50.3,56.5,11.6,65.4,35.5
"UKR",794,20,2020-04-01,30,44385155,0.0178888639681443,0.000450601107509932,2.51889168765743,38,38.1,36.5,34.8,23,55.1,43.3
"URY",501,7,2020-04-11,30,3461734,0.144725157969965,0.00202210799558834,1.39720558882236,41.3,44,33.5,41.3,24.1,39.3,74.8
"USA",16,0,2020-02-21,30,328239523,4.87448916991023e-05,0,0,83.5,83.1,98.2,79.7,73.8,85.3,78.2
"UZB",998,4,2020-04-13,30,33580650,0.0297194961979592,0.00011911621722629,0.400801603206413,34.3,42.6,19.4,27.8,16,60.5,47.8
"VAT",7,0,2020-04-04,30,NA,NA,NA,0,NA,NA,NA,NA,NA,NA,NA
"VCT",12,0,2020-04-12,30,110589,0.108509887963541,0,0,33,20,20.6,29.2,19,58,61.7
"VEN",181,9,2020-04-12,30,28515829,0.00634735185149273,0.000315614180460964,4.97237569060773,23,23.5,8.7,19.7,12.9,42.2,38.2
"VNM",16,0,2020-02-21,30,96462106,0.000165868242602955,0,0,49.1,49.5,57.4,43,28.3,64.6,53.4
"VUT",1,0,2020-12-09,30,299882,0.00333464496035107,0,0,26.1,24.5,15,24.8,6.6,38,57.4
"WSM",2,0,2020-12-17,30,197097,0.0101472878836309,0,0,26.4,20.2,14.1,28.9,9.2,30.7,66.1
"YEM",34,7,2020-05-09,30,29161922,0.00116590394830629,0.000240039048180706,20.5882352941176,18.5,15.1,9,19,7.6,40.3,23.5
"ZAF",1505,9,2020-04-03,30,58558270,0.0257008958768761,0.000153693065044442,0.598006644518272,54.8,44.8,81.5,57.7,33,46.3,61.8
"ZMB",48,2,2020-04-16,30,17861030,0.00268741500350204,0.000111975625145918,4.16666666666667,28.7,24.5,21.9,28.6,20.3,38,44.2
"ZWE",25,3,2020-04-18,30,14645468,0.00170701270864134,0.00020484152503696,12,38.2,31.4,65.6,30.1,14.7,45.9,39.2
